Page,URL,Primary Keyword,Secondary Keywords,Tertiary Keywords,Page Title,Meta Description,H1 Recommendation,Internal Links To,Priority
Homepage,https://shoonya.care/,Business insurance India,Insurance broker; Tailor-made insurance; Claims support,Coverage; Protection; Advisory,Shoonya Insurance Brokers | Clarity. Coverage. Care.,Expert insurance brokers in India offering tailor-made coverage and claims support backed by 75+ years of family legacy.,Shoonya Insurance Brokers,Cyber Insurance; Health Insurance; Solutions; Claims Support; Risk Assessment,1.0
Solutions Hub,https://shoonya.care/#solutions,Insurance solutions,Business insurance; Individual insurance; Coverage types,Risk protection; Tailor-made policies,Insurance Solutions for Business & Individual Needs | Shoonya,"Explore comprehensive insurance solutions for individuals and businesses. From health and motor to industrial and specialized coverage—all designed around your unique needs.",Insurance Solutions We Offer,Individual Insurance; Business Insurance; Solutions Hub,0.9
Insurance Products,https://shoonya.care/#solutions/insurance,Insurance products,Cyber insurance; Health insurance; Motor insurance,All insurance types; Product listing,Browse All Insurance Products | Shoonya,"Browse all insurance products: cyber, health, motor, home, liability, and industrial coverage. Find the perfect tailor-made policy for your needs at Shoonya.",Comprehensive Insurance Products,All Product Pages; Solutions,0.9
Risk Assessment,https://shoonya.care/#solutions/risk,Risk assessment,Risk advisory; Insurance audit; Coverage analysis,Gap analysis; Risk evaluation,Expert Risk Assessment & Advisory Services | Shoonya,"Expert risk assessment and advisory services from certified insurance brokers. We identify gaps and optimize your coverage for real-world protection.",Risk Assessment Services,Insurance Audit; Solutions; Industrial Pages,0.8
Claims Support,https://shoonya.care/#claims,Claims support,Insurance claims; Claims assistance; Settlement process,Quick resolution; Expert guidance; Human support,Quick & Hassle-free Claims Support | Shoonya,"Quick, hassle-free claims support from experienced insurance brokers. Expert guidance through every step of the claims process—clarity when it matters most.",Claims Support Portal,Support Services; All Products,0.9
Health Insurance,https://shoonya.care/#health-insurance,Health insurance,Medical coverage; Individual health; Health plans,Mediclaim; Premium; Benefits,Comprehensive Health Insurance Plans | Shoonya,"Comprehensive health insurance plans for comprehensive medical protection. Individual and family coverage available at Shoonya Insurance Brokers.",Health Insurance Coverage Options,Group Health Insurance; Individual Health; Solutions,0.85
Group Health,https://shoonya.care/#group-health-insurance,Group health insurance,Employee benefits; Corporate health insurance; Employer sponsored,Mediclaim; Benefits; Premium,Group Health Insurance for Employees & Organizations | Shoonya,"Affordable group health insurance for employees and organizations. Comprehensive medical coverage designed for your organization's needs.",Group Health Insurance Plans,Health Insurance; Solutions; CSR,0.85
Motor Insurance,https://shoonya.care/#motor-insurance,Motor insurance,Car insurance; Auto insurance; Vehicle coverage,Third-party; Comprehensive; TWO-Wheeler,Affordable Motor & Auto Insurance Plans | Shoonya,"Affordable motor and auto insurance plans for cars and vehicles. Comprehensive coverage with quick claims—get a quote from Shoonya today.",Motor Insurance Coverage,Home Insurance; Travel Insurance; Solutions,0.85
Home Insurance,https://shoonya.care/#home-insurance,Home insurance,Property insurance; Home protection; House insurance,Fire; Theft; Burglary; Valuables,Comprehensive Home Insurance Protecting Your Property | Shoonya,"Comprehensive home insurance protecting your property, valuables, and belongings. Tailor-made policies from India's trusted insurance brokers.",Home Insurance Coverage,Property Insurance; Fire Insurance; Solutions,0.85
Travel Insurance,https://shoonya.care/#travel-insurance,Travel insurance,Trip insurance; International travel; Travel coverage,Medical emergency; Trip cancellation; Luggage,Comprehensive Travel Insurance Coverage | Shoonya,"Comprehensive travel insurance covering medical emergencies, trip cancellation, and luggage loss. Travel with confidence with Shoonya.",Travel Insurance Protection,Health Insurance; Motor Insurance; Solutions,0.85
Personal Accident,https://shoonya.care/#personal-accident-insurance,Personal accident insurance,Accident coverage; Disability protection; Injury protection,Financial security; Dependants; Lump sum,Personal Accident Insurance & Protection | Shoonya,"Personal accident insurance providing financial protection against unexpected injuries and disabilities. Secure your family's future.",Personal Accident Coverage,Health Insurance; Insurance Products,0.8
Cyber Insurance,https://shoonya.care/#cyber-insurance,Cyber insurance,Data breach protection; Cyber liability; IT security,Ransomware; Phishing; Business Email Compromise,Cyber Insurance for Businesses | Shoonya,"Cyber insurance for businesses protecting against data breaches, ransomware, and cyber threats. Essential coverage for modern companies.",Cyber Insurance Protection,Professional Indemnity; Liability Insurance; Solutions,0.9
Liability Insurance,https://shoonya.care/#liability-insurance,Liability insurance,General liability; Business liability; Startup insurance,Claims; Defense costs; Third-party,Comprehensive Liability Insurance for Businesses | Shoonya,"Comprehensive general liability insurance for businesses and startups. Protection against claims and legal expenses from operational risks.",Liability Insurance Coverage,Professional Indemnity; Cyber Insurance; Solutions,0.9
Professional Indemnity,https://shoonya.care/#professional-indemnity-insurance,Professional indemnity insurance,PI insurance; Consultant coverage; Errors & Omissions,Legal; Professional; Malpractice,Professional Indemnity Insurance & Coverage | Shoonya,"Professional indemnity insurance for consultants, lawyers, and advisors. Expert-designed coverage protecting your professional reputation.",Professional Indemnity Coverage,Liability Insurance; Cyber Insurance; Business Solutions,0.85
Property Insurance,https://shoonya.care/#property-insurance,Property insurance,Business property; Fire insurance; Building coverage,Stock; Fixed assets; Contents,Business Property Insurance | Shoonya,"Business property insurance protecting against fire, theft, and natural disasters. Ensure business continuity with comprehensive coverage.",Property Insurance Protection,Home Insurance; Industrial Property; Solutions,0.85
Office Package,https://shoonya.care/#office-package-policy,Office package policy,SME insurance; Business protection; Multi-coverage,Buildings; Contents; Liability; Glass,Office Package Insurance for SMEs | Shoonya,"All-in-one office package insurance bundling multiple coverages. Simplified protection for small and medium-sized office operations.",Office Package Insurance,Liability Insurance; Property Insurance; Solutions,0.85
Shopkeeper Insurance,https://shoonya.care/#shopkeeper-insurance,Shopkeeper insurance,Retail insurance; Small business insurance; Stock protection,Building; Contents; Liability; Glass,Comprehensive Shopkeeper Insurance & Protection | Shoonya,"Comprehensive insurance for retail shops and small businesses. Multi-coverage plans protecting stock, property, and customer liability.",Shopkeeper Insurance Plans,Office Package; Premium; Solutions,0.85
Employee Fidelity,https://shoonya.care/#employee-fidelity-insurance,Employee fidelity insurance,Dishonesty insurance; Employee theft coverage; Crime,Embezzlement; Loss of money; Inventory,Employee Fidelity & Dishonesty Insurance | Shoonya,"Employee fidelity insurance protecting your business against employee dishonesty and theft. Essential for organizations with high cash handling.",Employee Fidelity Insurance,Workmen Compensation; Business Solutions,0.8
Workmen Compensation,https://shoonya.care/#workmen-compensation-insurance,Workmen compensation insurance,Worker insurance; Employee injury coverage; Statutory,Legal requirement; Benefits; Disability,Statutory Workmen Compensation Insurance | Shoonya,"Statutory workmen compensation insurance for employee protection. Comply with legal requirements while protecting your workforce.",Workmen Compensation Coverage,Employee Fidelity; Employee Benefits; Solutions,0.85
Fire Insurance,https://shoonya.care/#fire-insurance,Fire insurance,Property fire; Fire damage protection; Building insurance,Fixtures; Contents; Loss of profit,Fire Insurance & Property Protection | Shoonya,"Comprehensive fire insurance protecting your property against fire damage and related losses. Quick claims support from Shoonya brokers.",Fire Insurance Coverage,Property Insurance; Home Insurance; Solutions,0.85
Burglary Insurance,https://shoonya.care/#burglary-insurance,Burglary insurance,Theft insurance; Home security; Break-in coverage,Housebreaking; Valuables; Jewelry,Burglary & Theft Insurance Coverage | Shoonya,"Burglary and theft insurance protecting your property and valuables. Guard against losses from burglary, housebreaking, and theft.",Burglary Insurance Protection,Fire Insurance; Home Insurance; Security,0.8
Industrial All Risk,https://shoonya.care/#industrial-all-risk-insurance,Industrial all risk insurance,Manufacturing coverage; All risk; Industrial protection,Equipment; Stock; Building; Liability,Industrial All Risk Insurance | Shoonya,"Industrial all risk insurance providing comprehensive coverage for manufacturing facilities. Protection against multiple operational hazards.",Industrial All Risk Coverage,Industrial Property; Machinery Breakdown; Solutions,0.9
Industrial Property,https://shoonya.care/#industrial-property-insurance,Industrial property insurance,Factory insurance; Manufacturing property coverage; Building,Machinery; Fixed assets; Equipment,Industrial Property Insurance | Shoonya,"Industrial property insurance for factories and manufacturing plants. Comprehensive protection for buildings, machinery, and equipment.",Industrial Property Insurance,Industrial All Risk; Machinery Breakdown; Solutions,0.85
Contractors All Risk,https://shoonya.care/#contractors-all-risk-insurance,Contractors all risk insurance,Construction insurance; Project coverage; All risk,Equipment; Liability; Contingency,Contractors All Risk Insurance | Shoonya,"Contractors all risk insurance for construction and contracting businesses. Complete project protection against multiple operational risks.",Contractors All Risk Coverage,Engineering Insurance; Erection All Risk; Solutions,0.85
Contractors Plant,https://shoonya.care/#contractors-plant-machinery-insurance,Contractors plant machinery insurance,Equipment coverage; Construction machinery; Loss of profit,Breakdown; Damage; Rental,Plant & Machinery Insurance for Contractors | Shoonya,"Plant and machinery insurance for contractors and construction companies. Protect expensive equipment against damage and loss.",Contractors Plant & Machinery,Machinery Breakdown; Contractors All Risk; Solutions,0.85
Engineering Insurance,https://shoonya.care/#engineering-insurance,Engineering insurance,Construction insurance; Contractor coverage; Project,Installation; Commissioning; Professional indemnity,Engineering Insurance for Construction Projects | Shoonya,"Engineering insurance for construction projects and engineering works. Specialist coverage for contractors, consultants, and equipment.",Engineering Insurance Coverage,Contractors All Risk; Erection All Risk; Solutions,0.85
Machinery Breakdown,https://shoonya.care/#machinery-breakdown-insurance,Machinery breakdown insurance,Equipment failure; Business interruption; Breakdown,Downtime; Repair; Loss of profit,Machinery Breakdown Insurance | Shoonya,"Machinery breakdown insurance protecting against unexpected equipment failure and losses. Minimize downtime and repair costs.",Machinery Breakdown Protection,Industrial All Risk; Contractors Plant; Solutions,0.85
Erection All Risk,https://shoonya.care/#erection-all-risk-insurance,Erection all risk insurance,Construction insurance; Project coverage; Equipment installation,Commissioning; Installation; Professional indemnity,Erection All Risk Insurance for Projects | Shoonya,"Erection all risk insurance for construction and commissioning projects. Complete protection during equipment installation and testing.",Erection All Risk Coverage,Contractors All Risk; Engineering Insurance; Solutions,0.8
Marine Cargo,https://shoonya.care/#marine-cargo-insurance,Marine cargo insurance,Import export; Shipment protection; Transit insurance,Goods in transit; Marine; Customs,Marine Cargo Insurance | Shoonya,"Marine cargo insurance protecting goods in transit by sea, air, and land. Comprehensive coverage for import/export shipments.",Marine Cargo Insurance,Credit Insurance; Trade Solutions,0.85
Credit Insurance,https://shoonya.care/#credit-insurance,Credit insurance,Trade credit; Bad debt; Payment protection,Receivables; Customer non-payment; Risk,Trade Credit & Bad Debt Insurance | Shoonya,"Trade credit insurance protecting against customer non-payment and bad debts. Safeguard your business cash flow and receivables.",Credit Insurance Protection,Marine Cargo; Money Insurance; Solutions,0.85
Money Insurance,https://shoonya.care/#money-insurance,Money insurance,Cash protection; Valuables insurance; Theft coverage,Security; Loss; In transit,Money & Valuables Insurance | Shoonya,"Money insurance protecting cash, securities, and valuables against loss or theft. Essential for retail and cash-handling businesses.",Money Insurance Coverage,Shopkeeper Insurance; Business Solutions,0.8
India All Risk,https://shoonya.care/#india-all-risk-insurance,India all risk insurance,Goods protection; Transit insurance; Goods in transit,Storage; Handling; Distribution,India All Risk Insurance | Shoonya,"Comprehensive all risk insurance for goods and products in India. Full protection during storage, handling, and distribution.",India All Risk Coverage,Marine Cargo; Industrial Solutions,0.8
Articles Blog,https://shoonya.care/#articles,Insurance articles,Insurance tips; Insurance guides; Blog,Education; Awareness; Content,Insurance Articles & Guides | Shoonya,"Read expert articles on insurance tips, coverage guides, and risk management. Learn how to protect what matters most to you.",Latest Insurance Articles,Monthly Articles; Home; Solutions,0.8
Privacy Policy,https://shoonya.care/#privacy-policy,Privacy policy,Data protection; Personal information; GDPR,Compliance; Privacy; Security,Privacy Policy | Shoonya,"Privacy policy of Shoonya Insurance Brokers. Learn how we collect, use, and protect your personal information.",Privacy & Data Protection,Terms; Legal; Footer,0.6
Terms Conditions,https://shoonya.care/#terms-and-conditions,Terms and conditions,Legal; User agreement; Web terms,Disclaimer; Rights; Liability,Terms & Conditions | Shoonya,"Terms and conditions for using Shoonya Insurance Brokers website and services. Important legal information and user agreements.",Website Terms & Conditions,Privacy Policy; Legal; Footer,0.6
Cookies Policy,https://shoonya.care/#cookie-policy,Cookie policy,Cookies; Tracking; Privacy,Consent; Web; Analytics,Cookie Policy | Shoonya,"Cookie policy for Shoonya Insurance Brokers. Understand how we use cookies to improve your website experience.",Website Cookies & Privacy,Privacy Policy; Terms; Legal,0.6
Disclaimer,https://shoonya.care/#disclaimer,Disclaimer,Legal disclaimer; Liability; Disclaimer terms,Risk; Responsibility; Compliance,Disclaimer | Shoonya,"Legal disclaimer for Shoonya Insurance Brokers website and services. Important disclaimers and liability limitations.",Legal Disclaimer & Liability,Terms; Privacy Policy; Legal,0.6
CSR Page,https://shoonya.care/#csr,CSR,Corporate social responsibility; Community; Sustainability,Impact; Environment; Society,Corporate Social Responsibility | Shoonya,"Shoonya's corporate social responsibility initiatives and community programs. Learn about our commitment to society and sustainability.",Our CSR Initiatives,Articles; Home; Solutions,0.7
